rpid,parent_rpid,username,content,like_count,timestamp,ip_location
276972130305,0,un_四叶子,[崩坏3·光辉矢愿_大佬喝可乐][崩坏3·光辉矢愿_大佬喝可乐][崩坏3·光辉矢愿_大佬喝可乐][崩坏3·光辉矢愿_大佬喝可乐][崩坏3·光辉矢愿_大佬喝可乐][崩坏3·光辉矢愿_大佬喝可乐],0,1759851768,IP属地：上海
276965579073,0,1高一生1,不懂怎么不火，就算放在原神二创里面也是有点惊艳级别的,5,1759848357,IP属地：重庆
278472510624,0,久鸢℃,惊艳！有那种零几年放学回家，吃完晚饭后，打开电视换台刚好看到某部动漫的ED，被吸引住的感觉。,1,1759838374,IP属地：广东
278421170272,0,仁慈同学,@花绊言- 您的好友邀请您品鉴这首韩文歌[给心心],1,1759810159,IP属地：辽宁
276893736561,0,芙宁娜的狗的狗的狗,哟～  小手都牵上了,0,1759808449,IP属地：浙江
276869895921,0,Aynnyaa,我的追番键呢[大哭] 美死我了,0,1759780536,IP属地：云南
276818088433,0,空月之歌散厨一枚,热度低的可怜,1,1759748385,IP属地：广东
278330892688,0,静夜-温度,服了，b站不推流,0,1759744399,IP属地：浙江
278311777232,0,程岑岑岑岑岑岑,哇塞，好精良的二创,1,1759733960,IP属地：湖北
276778548769,0,Sanling30_,@润水之舟,1,1759726726,IP属地：浙江
278291816672,0,埋葬春日,这不是手书这是动画,0,1759723709,IP属地：辽宁
276714153441,0,祥云之畔,[崩坏3·终焉归始_咀嚼],0,1759673250,IP属地：四川
278218866144,0,二十八的路灯,菲林斯，抱歉了（等少女进池）[微笑],1,1759667672,IP属地：新疆
276697019697,0,我叫02呀,仙品[给心心],0,1759664955,IP属地：天津
276604321233,0,-ArtW-,美丽……,0,1759592971,IP属地：重庆
278097685424,0,好ID给猪吧,太好听了！[打call]非常喜欢的曲风！我现在就要拥有少女！,0,1759583600,IP属地：广西
276585004145,0,月色流霜衣盛雪,好专业的制作,0,1759582957,IP属地：美国
278096112112,0,你也很甜呐,美丽的画风和一支好听的歌,0,1759582892,IP属地：贵州
276570996945,0,南铃nl,画面太美了[大哭][大哭],0,1759575722,IP属地：广西
278048024848,0,斐夏,好美的服饰,14,1759555750,IP属地：湖南
278035320448,0,是轻雨呀,[打call][打call][打call][打call][打call],0,1759548977,IP属地：贵州
276485111777,0,从宇宙来,太好听啦,0,1759503769,IP属地：广西
276478430705,0,朽木白哉a,桑多涅：她就是这样天天晚上在我门口唱的[doge_金箍],1,1759500183,IP属地：广东
277971197472,0,龙冥天星语,好看,0,1759493125,IP属地：河南
277967984960,0,来时路24,喜欢,0,1759491414,IP属地：湖北
276461259009,0,雾雨多萝西,仙品！,0,1759490989,IP属地：广东
276437636321,0,夜紀yuki,画风超级喜欢[给心心],0,1759476549,IP属地：湖北
276391896033,0,一只杰瑞雪糕,竟然没破千万，那么可惜，这么高质量精美的画面，歌曲又那么好听的，这么优秀的作品这播放量都有点被埋没了[黎明觉醒_石化鸦][热词表情_世萌双冠]。,2,1759432193,IP属地：广东
276388222193,0,星の璀璨,神作！[打call][打call][打call]太美了太美了，超级好听，每个造型都喜欢，已N刷，感谢大佬们的饭饭[给心心][给心心][星星眼],0,1759426687,IP属地：山西
277888594688,0,杰西卡家的若若,今年hoyofair里印象最深的作品之一！画面精细度、动画流畅度，还有旋律、服设和少女与每一位执行官同框时不同的表现都让人眼前一亮[打call],13,1759425096,IP属地：北京
277885566016,0,不见朝露,ac站再压播放量呢[再见],0,1759422624,IP属地：江苏
276382581681,0,你们阿蒙家族啊,这个色调有种以前八九十年代动画的质感[星星眼]超级精致,12,1759421739,IP属地：海南
276381973249,0,来自二次元的紫雪,@失憶蝴蝶0329 联上了！,1,1759421349,IP属地：湖北
276312720545,0,wasari_,二创也压播放吗 不愧是ac站,0,1759379673,IP属地：江苏
276308411585,0,距离成熟还有9999公里,神作无人[傲娇],0,1759377172,IP属地：云南
276305078945,0,棉袄i艾,少女和C!naH老师！双厨狂喜！,1,1759375105,IP属地：广东
276274108369,0,35401,这么强！[tv_点赞],0,1759336049,IP属地：四川
276272800961,0,风很舒服自然醒,嘶，这算得上是良作无人了吧,9,1759335012,IP属地：广东
276265890753,0,余青冉,@洛泫_Ethereal 伟大的作画和音乐,1,1759330825,IP属地：上海
276248101233,0,清晴青情箐,被狠狠惊艳了,0,1759320816,IP属地：山东
276216994465,0,呃叫什么名字啊啊啊,老大我可以自用当头像壁纸吗,2,1759301064,IP属地：山东
276201460129,0,梅内苏,作品真的很棒，各位老师辛苦了，私心之后有机会多加些帧数让娅娅唱歌时更生动些，感觉这个作品会更棒诶[打call]，不过做成这样已经很完美了😍,1,1759291343,IP属地：日本
277694279184,0,乍暖还寒_Ty,@沉迷柯克兰无法自拔,1,1759291212,IP属地：河南
277676868816,0,Feng鲸,艺术品啊[大哭],0,1759280141,IP属地：河南
276178991313,0,千寿伊吕波,太好看了😭😭,0,1759273837,IP属地：湖南
277667952480,0,御绥语,油管都200多w播放了,1,1759267589,IP属地：河北
276173112273,0,我简直不知道叫啥了,我把少女靠近冰面罗莎琳时候，头发垂下来看成舌头了[灵魂出窍],0,1759258907,IP属地：广西
276168909649,0,云埋青山,三无克傲娇[doge],1,1759253443,IP属地：四川
276157466161,0,LI_ZT,被ac恶心了一年，逛了两圈Hoyofair终于想起了当初的快乐,0,1759245295,IP属地：广东
277646137264,0,找各种死,很强的作品,0,1759244473,IP属地：广西
276136209857,0,斯旺帕布,大型纪录片等少女[大哭],0,1759233132,IP属地：广东
276122975697,0,音無伊禦,@式波アスカ-,0,1759225637,IP属地：湖北
277608514032,0,夜夜微醺,神作,0,1759223924,IP属地：新疆
277600203504,0,__-上岸-__,我靠？ 这么多好作品 啊b根本不推给我[捂脸],3,1759218429,IP属地：福建
277593928576,0,浅乐0,神作，单纯听歌也上头，单看画面也很精致。画面中有很多小巧思，如少女形象多次变换，眼罩变幻过小翅膀，红十字，金星，黑纱，白花，金枝，对应歌词中不同侧面的我；在仿佛静止的世界点出奇妙的变化，如回眸展翅，打碎镜子，变出蝶与花，优雅中暗含危险，最后独舞前还有模糊的三轮月亮闪过，细节拉满了,1,1759213541,IP属地：法国
276100426017,0,蓝汐洋,@南明希,0,1759208917,IP属地：四川
276085924929,0,Joinone-,热烈庆祝油管200万播放，神中神,8,1759198630,IP属地：山东
276083074337,0,艾妲Edda,😭小鸽子，真可爱捏,0,1759196261,IP属地：内蒙古
276078797585,0,吞天之鲸哒,我的天哪神迹，是原创诶,0,1759192036,IP属地：福建
277558342992,0,针零小恪爱,超级棒的,0,1759181938,IP属地：吉林
276051958081,0,那艺娜刻夏,这个声线，果然是C！naH老师[喜欢][喜欢][喜欢][喜欢][给心心][给心心][给心心][给心心][给心心]十分的贴哥伦比娅啊啊啊😭😭😭😭如此美丽的艺术品为什么没火到底谁做的局[藏狐][藏狐][藏狐],4,1759156099,IP属地：湖南
277532437520,0,卡哇1是神,好神！！！,0,1759154167,IP属地：广东
276045651809,0,东风爱鬼子,这么好的作品却不给我推,0,1759152170,IP属地：山东
277512259776,0,Courtce,神！！！,0,1759142038,IP属地：江苏
276012040801,0,丨夹子丨,仙品！！！[星星眼][星星眼],0,1759128315,IP属地：福建
277470427488,0,醉酒的鸿雪,"原神 HoYoFair2025「异旅同归」节目歌单链接：

Q音：https://i.y.qq.com/n2/m/share/details/taoge.html?platform=11&amp;appshare=android_qq&amp;appversion=14040008&amp;hosteuin=owvP7ick7wcl7n**&amp;id=9581537104&amp;ADTAG=qfshare

网易云：分享歌单: 2025原神HoYoFair异旅同归歌单 醉酒的鸿雪 https://music.163.com/m/playlist?id=14349805924&amp;creatorId=8786723930",3,1759111284,IP属地：重庆
277468927360,0,星月希阳,唔，在这边问问，我记得之前也有一个手书是这个风格的，主角是空和另外两个女角色。好像也是这种新歌+mv形式，我找不到了请问有人有印象吗[大哭],1,1759109919,IP属地：湖北
277467686864,0,禾水兽,[星星眼]好画好音乐,0,1759108718,IP属地：黑龙江
277458721136,0,Girasole゛,仙品！,0,1759094005,IP属地：江苏
277455468976,0,醉酒的鸿雪,"原神 HoYoFair2025「异旅同归」节目歌单链接：

Q音：https://i.y.qq.com/n2/m/share/details/taoge.html?platform=11&amp;appshare=android_qq&amp;appversion=14040008&amp;hosteuin=owvP7ick7wcl7n**&amp;id=9581537104&amp;ADTAG=qfshare

网易云：分享歌单: 2025原神HoYoFair异旅同归歌单 醉酒的鸿雪 https://music.163.com/m/playlist?id=14349805924&amp;creatorId=8786723930",0,1759085269,IP属地：重庆
275972438513,0,骥槑,nb 放在二创属于降维打击了。,463,1759079340,IP属地：四川
277441014336,0,卓妙,国际版和,2,1759072175,IP属地：湖北
277440709072,0,三花麻薯小蛋糕,循环好多次了，老师太神了[大哭],0,1759071950,IP属地：四川
277436910608,0,殒礼墓里,太美丽了？太好听了吧,0,1759069678,IP属地：山东
277434823216,0,飘---啊飘-,是的没错，我们原神玩家日常都是吃这种的仙品,8,1759068471,IP属地：上海
275956280545,0,_四千斤_,@枝上颂,1,1759068003,IP属地：浙江
277432903600,0,Hisxes,刷到原作者了！太好啦,0,1759067330,IP属地：浙江
277429324640,0,璃235,太强了,0,1759065214,IP属地：广西
275949922401,0,-ArtW-,b站的推流诗人吗,0,1759063984,IP属地：重庆
277416924960,0,伽塔や,老婆老婆[给心心][给心心][给心心],0,1759057786,IP属地：湖南
277405768416,0,星astral,少女唱完累瘫趴月亮上了[崩坏3·光辉矢愿_吃西瓜冰],0,1759050440,IP属地：广东
277404087872,0,殒礼墓里,太美丽了,0,1759049098,IP属地：山东
277398301200,0,Rimy茸苜,求bgm上架[大哭],35,1759044223,IP属地：北京
275921901009,0,阿丸er,当我看到这么高质美丽的艺术品播放量低时：,0,1759043959,IP属地：河北
275918968625,0,丹田属树,好听，能上线平台吗,0,1759041199,IP属地：广东
277376967904,0,Leavithian,只有这点播放，合理吗？,0,1759028223,IP属地：广东
275899585617,0,捞德泪,@懵懂的肥儿,0,1759026383,IP属地：河南
275873977185,0,翰兰,骑着ac站推流机制的老冯路过,5,1758988156,IP属地：天津
277346925104,0,陶阿渊鱼,@烯笠 仙品,0,1758987854,IP属地：北京
277302665856,0,bili_45765409615,天真，诱惑，邪恶的年轻女人,0,1758960598,IP属地：北京
275826256161,0,夜晖CAMRY,天哪神作........,2,1758956664,IP属地：湖南
275825250193,0,kulaler光年,我的天啊少女大人,0,1758955968,IP属地：浙江
277296212896,0,黑默鱼,终于刷到作者本人了😭，我应该支付观看这个视频的费用ε=ε=(ノ≧∇≦)ノ,0,1758955832,IP属地：山东
275819107409,0,青森的苹果,太绝了,0,1758951309,IP属地：河南
277287117792,0,璇玑姬Piapia,看不看另说，先点赞投币给上热度[崩坏：星穹铁道-匹诺康尼_知更鸟]大佬们一定要持续产出这种视频口牙,0,1758949473,IP属地：江苏
275814911521,0,AAArisu,[doge]细节，少女和其他女执行官接触更亲密，对应游戏里与女执行官们关系非常好,54,1758948445,IP属地：山东
277282406080,0,炻柒老大十_丅,？ B站排版,0,1758946632,IP属地：海南
277272149088,0,请输人文夲,怎么好的作品居然才这点推流，抖音那边甚至搜索出来的是那款神游[捂脸],0,1758940007,IP属地：重庆
277261674512,0,我的小派蒙可可爱爱,歌发布了吗，在哪里听？求[星星眼],0,1758930345,IP属地：广东
275779617841,0,迷茫的管家与懦弱的我,可能有点冒犯，想问下是太太自己画的吗[思考]我记得这种风格的画风很烧钱的吧，如果真是自己画的，那画师太太还真有钱[笑哭],3,1758904995,IP属地：广东
277245540960,0,为哥伦比娅献出灵魂,专程来看哥伦比娅[doge],0,1758903133,IP属地：山东
275767048097,0,Megumi虫虫,众所不周知，我对非常优秀的作品从不吝啬我的三连[鼓掌],4,1758896624,IP属地：广东
277232077328,0,荧月流光,有没有人能告诉我为什么要挂上荧的画像,0,1758895010,IP属地：河南
275764238657,0,JUNGU_野生菌菇,为什么我找不到这首歌[大哭][大哭],0,1758894951,IP属地：福建
275762115953,0,景司业,期待上传网易！,0,1758893616,IP属地：贵州
275758524977,0,一只普通路过的lsp,娅娅😍😍😍🥰🥰🥰,0,1758891418,IP属地：中国澳门
277225089360,0,白兰冰龙,真的是太漂亮了[Sheya收藏集-月食梦_送花],0,1758890861,IP属地：福建
275756612129,0,綠比堆紫,这是原作者吗？怎么播放量比搬运还低,14,1758890233,IP属地：中国香港
277220610208,0,榻上情丝,想推广给所有人，太美丽了,0,1758888161,IP属地：山西
275750959105,0,紫苑佩兰,[打call][打call]原神五周年生日快乐,0,1758886609,IP属地：广东
275748773041,0,00鸛,@一位白日梦 @超绝入机鲨鱼 @气愤之急如火寻宝 @冰笑天D03 @单帽四方反棱柱体 @夏伊蝉鸣 @没名字的二哈 @冥界引灯-幽冥白羽 @SoulDrm @兮茉_妆儿,1,1758885206,IP属地：四川
277214938256,0,灰鸡的操作,好厉害啊,0,1758884752,IP属地：广东
277209078320,0,T0级黑海森流量大王,我就说听声音好耳熟原来是sua,0,1758881181,IP属地：辽宁
275720561313,0,远na,@天才画家luca @同心圆式蓝星,2,1758862833,IP属地：福建
277180997744,0,按摩穴位可以健康,我老天爷啊终于刷到正主了，我应该为观看这个视频付费,24,1758859837,IP属地：河南
275709789121,0,布里咕姆,神作(・ω&lt; )★,0,1758854921,IP属地：广东
277160578864,0,猫ma,这太好了....[暹罗厘普收藏集_哭哭],0,1758838185,IP属地：上海
277155543584,0,Only心若相依,怎么才这点观看量？！！,0,1758823920,IP属地：广东
277150855312,0,朔风-解郁,神作啊，哭了[委屈],1,1758818629,IP属地：广东
275686550385,0,Mo鱼不可吃,有种在看圣少女的感觉，好喜欢[妙啊][妙啊][妙啊],1,1758817685,IP属地：浙江
277146922832,0,草径鸣蛩,求音乐🎶,0,1758815610,IP属地：湖南
275674296369,0,米其林泡泡糖,神作！,0,1758809572,IP属地：河北
275672273841,0,猛男降灾,神迹啊[Mygo表情包_Love],0,1758808328,IP属地：江西
277134301872,0,春生Scorp,太美了,0,1758808099,IP属地：云南
277134301856,0,春生Scorp,太美了,0,1758808099,IP属地：云南
277117565616,0,阳光睦子咪,超高质量！,0,1758797753,IP属地：上海
277114923072,0,鹿云青,神作！[给心心][给心心][给心心][给心心],0,1758796184,IP属地：安徽
275651672705,0,北之岛鹤谷咕咕咕,真的太美了,0,1758794940,IP属地：湖北
275649153009,0,一般喜欢樱岛麻衣,@安安安惹@丶Mousse@The_Devil1@叶枯酱@柳乔乐1号@卧石枕墨玉@墨道离莹,1,1758793086,IP属地：广东
277106508112,0,想取个新名字真的好难,有点像vivinos的风格，太强了，完全艺术品来的,0,1758790246,IP属地：江西
275643912737,0,楷衙地崖二勃利漆,彩色的糖果一般美丽甜蜜，喜欢！,0,1758788906,IP属地：湖北
275633489617,0,三日柠红,太美丽了再刷亿遍 简直是艺术品级别的！,1,1758779310,IP属地：安徽
277092376320,0,飞光历历目,是作者，立刻补一键三连,0,1758778359,IP属地：陕西
277081123120,0,hoyomix的狗,这个音乐太好听啦\(*＾▽＾*\)♫,167,1758771218,IP属地：广东
277078751920,0,我的小派蒙可可爱爱,歌什么时候上线啊，老师[星星眼],0,1758769492,IP属地：广东
275617387697,0,淵末,[打call][打call][打call]是作者我们有救了,0,1758767519,IP属地：广东
275607917633,0,最喜欢画师和动漫了,这种越听越甜的感觉，真的好怀念[2024拜年纪_干杯][2024拜年纪_干杯][2024拜年纪_干杯],0,1758757239,IP属地：辽宁
275607964785,0,最喜欢画师和动漫了,"这首歌配上这个画风真的太棒了，音乐总会让我有一种甜甜的感觉，上一次还是凯撒EP
而再远点就会让我回想起22年第一次看原神生日会的时候，至今都忘不掉夜兰打公子和赛车，还有凯亚和迪卢克根安柏和柯莱的手书，今年的生日会每个单品都很棒，可以算是我继22年以来看过最开心的一次了[2024拜年纪_打call][2024拜年纪_打call][2024拜年纪_打call]",10,1758757169,IP属地：辽宁
277062688288,0,Seebeck-effect,仙品啊[星星眼][星星眼][星星眼]我库库猛吃,0,1758747785,IP属地：四川
277059007056,0,ririko酱,神作，无可比拟的[保佑][保佑]老师这个视频不火，我真的会心痛[跪了],2,1758737665,IP属地：四川
277057437120,0,丫卡洛,太厉害了……！[打call][打call][打call],0,1758735640,IP属地：重庆
277057539296,0,老酒了解一下,这就是天使,0,1758735552,IP属地：山东
277056197808,0,我一直单推叶湘伦啊,美神降临，我终于找到了我的伊德莉拉[喜欢],3,1758734009,IP属地：广东
275598166033,0,阿灯不太亮,哇塞神迹！,11,1758733348,IP属地：天津
275594249153,0,是靓仔咪罢了,真的是神作！！！！！,16,1758729807,IP属地：广东
277051164432,0,YY永不过时,美哭了[惊喜][惊喜][惊喜],0,1758729622,IP属地：云南
275592805985,0,Waterfall-L,神中神中神！！太美丽了😭,0,1758728847,IP属地：江苏
277048157216,0,yonik,你终于传啦，看了好多切片终于看到本家了。这是这次我最最喜欢的作品，歌好听画好看，而且都很贴，让她唱让她唱！！,1,1758727664,IP属地：加拿大
277044745536,0,求你们不要念我名字,不知道有没有人觉得少女的声音很熟悉？是给异物的sua配音的C！nah老师哦！[原神_欸嘿],222,1758725505,IP属地：广西
277037718944,0,Teamillet-ban,每一帧都可以当壁纸的地步,1,1758721216,IP属地：江苏
277028878864,0,野客_miao,好美的画面，音乐也特别好听，等一个上线国内平台[给心心],0,1758715780,IP属地：湖北
277028500720,0,小东小魔,[香奈美·追寻那道光 应援装扮_好耶][香奈美·追寻那道光 应援装扮_好耶][香奈美·追寻那道光 应援装扮_好耶],0,1758715484,IP属地：广东
275563883649,0,阿散K,好吃！[保卫萝卜_哇][保卫萝卜_哇][保卫萝卜_哇],0,1758710111,IP属地：广西
275558602209,0,流星锁链,质量好高,0,1758706516,IP属地：福建
277004742784,0,伊岚翠Arashi,挖槽，这里是作者本人吗？！[热词系列_三连],0,1758699372,IP属地：云南
275548353921,0,Sanling30_,@润水之舟,1,1758697731,IP属地：浙江
275544513665,0,秦子矜呀,太美了，和每个人一起的镜头都是不同的衣装和眼罩，富人那一段的“金枝玉叶”亮闪闪的太华丽漂亮了。少女一个人在如水月光下起舞，披上素白色衣裙仿佛褪去所有外在装饰，这一刻她是她自己的无暇纯净,78,1758694093,IP属地：上海
276996330304,0,yunbeijlui,神作,0,1758692167,IP属地：江西
276985278736,0,lssblyp01,真的很韩,0,1758684881,IP属地：陕西
276983092912,0,我家小鸡超可爱,太美了，简直就是艺术品,1,1758683095,IP属地：浙江
276981294768,0,安安an丶,少女真的也太美了吧[给心心][给心心][给心心],1,1758681556,IP属地：江西
276972290048,0,AAA_死之执政若娜瓦,这个好，这个好口牙,0,1758672525,IP属地：湖北
276970943680,0,秋沐子OWO,美的让人印象深刻，感谢您所有的参与者…,0,1758670947,IP属地：江苏
275518212593,0,狐不言中の月夜,好害怕这个少女一睁开眼是双梅花筒然后拿出狐狸面具说“没吓到你吧~”[笑哭],0,1758670128,IP属地：江苏
276968901024,0,君也甘之如饴,[妙啊][支持][支持][支持],0,1758666002,IP属地：广东
276968343536,0,星绘会保护大家,好好看,0,1758664091,IP属地：湖南
276965196480,0,九烟吖,hoyofair里面最喜欢的一个节目[打call],1,1758653718,IP属地：江苏
276964330976,0,初雪夜之梦,哇，好精致的制作[兰音收藏集_比心],1,1758651870,IP属地：四川
275511598545,0,摸鱼抓蟹真君,抽卡记录为空只为等她,54,1758650727,IP属地：重庆
275509327265,0,喜欢吃就多吃,仙品,488,1758647497,IP属地：湖北
276959863840,0,ElysiaElfy,画谁都那么美，救命（）,0,1758646347,IP属地：浙江
276959533680,0,为哥伦比娅献出灵魂,专程来看哥伦比娅[doge],0,1758646004,IP属地：山东
276956840720,0,白垩の皑尘,我问你我国内生日会呢,0,1758643838,IP属地：江苏
275505206673,0,-达斯维达,这个没有翻译啊,0,1758643755,IP属地：湖北
275504730161,0,啦啦蓝LLL,哥伦比娅要是在桑多涅门口唱这个，应该不会被哈气[doge][doge],0,1758643425,IP属地：广东
275503754945,0,古轩宇,快住手啊这根本不是二创[哦呼][哦呼]太厉害了,1,1758642826,IP属地：江苏
276954701328,0,午夜沧澜,[喜欢][喜欢],0,1758642360,IP属地：吉林
276954201984,0,仙羽daze,好听爱听，专门来支持一下原作者[脱单doge][脱单doge][脱单doge],0,1758642039,IP属地：河北
276953880320,0,尼古拉斯刺心,百变哥伦比娅[喜欢],0,1758641826,IP属地：北京
275502259633,0,迷茫的管家与懦弱的我,太太画的好美，真的有少女的感觉，而不像游戏里那种轻飘飘的感觉[给心心][给心心]太好看了，瞬间就喜欢上哥伦比亚了,4,1758641697,IP属地：广东
275501668497,0,北方望栖,打卡,0,1758641352,IP属地：浙江
275501324417,0,Vhvemy,太美了，艺术中的艺术，音乐也是仙品啊,0,1758641128,IP属地：浙江
276952524528,0,七弦绿绮Ash,神作！月门[保佑],0,1758640950,IP属地：北京
275500459057,0,深思o0,神迹[保佑] 月门[保佑],1,1758640578,IP属地：山东
276949787616,0,荷兰海军,到处唱歌捣乱的少女可爱捏,0,1758639369,IP属地：山东
276949920016,0,GaloThymos加急补充中,好美,0,1758639353,IP属地：广东
275498178657,0,exe已停止工作,@于弘妤-倾听版 少女米米嘟～,1,1758639079,IP属地：山东
276948267616,0,欠打羽鸭,[吃瓜],0,1758638415,IP属地：四川
275496894465,0,Sietuerl,我天哪神级别的,0,1758638268,IP属地：四川
276947314400,0,代肝大猫猫迪希雅,太好看了[打call],1,1758637877,IP属地：广东
275495970385,0,铂铒潶,[喜欢],0,1758637776,IP属地：江西
276945964688,0,高质量厨神蓝花,哥伦比娅的每一点都在我的XP上，太喜欢了[大哭][大哭][大哭]六翼天使，唱歌好听，眯眯眼，与月亮有关，黑色长发，而且是小雷！！！[大哭][大哭][大哭],8,1758637091,IP属地：江苏
275494806145,0,不见星辰同日光,我草这个vocal，我真的双厨狂喜了,0,1758637030,IP属地：浙江
276945284848,0,祈丶の,哇[打call][打call],0,1758636671,IP属地：广东
275493394545,0,急急急鸡叽叽,快点上传各大音乐平台！我什么都会做的！哦捏该！[打call],0,1758636172,IP属地：广东
275491612465,0,漠爷w,已经听好几遍了,0,1758635061,IP属地：浙江
275490682881,0,漠爷w,美😙,0,1758634489,IP属地：浙江
276941357664,0,镜中的小小世界,@苗和也,1,1758634384,IP属地：四川
276940916928,0,扶不起的男主,一看这个画风就想起了知更鸟，一看作者，果然,0,1758634064,IP属地：河北
275489733809,0,米哈协议,活着眼睛就是拿来看这个的[星星眼],1,1758633886,IP属地：江西
276940518256,0,CrossMywhy,真美啊,0,1758633863,IP属地：加拿大
275489283377,0,北城少年的梦,非常好听，老师什么时候上QQ音乐呀,1,1758633503,IP属地：河北
276939892064,0,谢惠子Heaton,心目中的最佳！什么时候上架音乐平台？,0,1758633475,IP属地：广东
275488684865,0,地球无痕,[原神_唔][原神_唔][原神_唔][原神_唔][原神_唔][原神_唔][原神_唔][原神_唔][原神_唔][原神_唔][原神_唔][原神_唔],0,1758633246,IP属地：河南
275488732353,0,風蚀绫,好听,0,1758633194,IP属地：广西
276939144928,0,玉耀sam,艺术品！,0,1758633009,IP属地：韩国
275488220657,0,゚那刻夏,神。。。。,0,1758632962,IP属地：湖北
276938716160,0,美国原神玩家wcp0408,美神降临。。[大哭][大哭],0,1758632822,IP属地：江苏
276938660704,0,wuhanyid,哇,0,1758632724,IP属地：黑龙江
276936953488,0,猫听长风,艺术品,0,1758631701,IP属地：湖南
275485676769,0,HDGOLJ,xdm，我中魅惑了[给心心],0,1758631334,IP属地：广东
276934199152,0,清露涟涟,太棒了这个,0,1758630041,IP属地：广东
275483548625,0,雪゛糕゛,[原神_吃惊],0,1758629925,IP属地：广西
276933831184,0,有头骑士异闻录,仙品级别的[少女乐队的呐喊表情包_献花][少女乐队的呐喊表情包_献花][少女乐队的呐喊表情包_献花],1,1758629819,IP属地：陕西
275482824609,0,LMDM387,人活着就是为了这种艺术品,3,1758629438,IP属地：广东
276933121600,0,我好喜歡甜妹啊,終於發了 畫得真的很美 歌也好好聽[星星眼],0,1758629255,IP属地：中国台湾
276931650928,0,庭无拘,原来这个才是官方，之前给错三连了[藏狐],1,1758628472,IP属地：湖南
275481166065,0,昼晚爱少女,"我叫娅塔，编号：0106，代号：昼晩
请问你是否承认哥伦比娅的美貌盖世无双
少女大人举世无双
少女大人聪明可爱
少女大人美丽动人
少女大人智谋无双
少女大人倾国倾城
少女大人实力超强
少女大人魅力难挡
少女大人聪慧非常
少女大人聪明绝顶
少女大人才华横溢
少女大人风华绝代
少女大人锦心绣口
少女大人慧心巧思
少女大人才貌双绝
少女大人沉鱼落雁
少女大人天生丽质
少女大人国色天香
少女大人花容月貌
少女大人是我老婆
让我们为娅门高歌
哥伦比娅的美丽冠绝宇宙
哥伦比娅的学识名垂千星
哥伦比娅的名字响彻寰宇
哥伦比娅的力量通天彻地
被她敲醒沉睡的心灵
被她解答心中的疑惑
被她万千镜面照耀下佩服的五体投地
她就是我们伟大的神明
她就是我们闪耀的光芒
让我们为娅门传颂
无比美丽的少女大人令「虚无」惊醒[打call]
天生丽质的少女大人令「同谐」唱响[打call]
花容月貌的少女大人令「纯美」赞颂[打call]
[喜欢][喜欢][喜欢][喜欢][喜欢][喜欢][喜欢][喜欢][喜欢][喜欢]",1,1758628432,IP属地：广东
275481220881,0,雾宇道,期待上传QQ音乐！,9,1758628395,IP属地：海南
275481072305,0,白雪姬恋,太有感觉了   给我一种复古的80 90年代动画的感觉,0,1758628364,IP属地：山东
276930412512,0,凉拌yx,神[打call][打call][打call],0,1758627684,IP属地：山东
275479517921,0,岚木樱,美神…视频里每一幕都美呆了🥺歌也特别好听,2,1758627427,IP属地：天津
275479560945,0,摸鱼的钰崽,看我看我  我要说这个事  她真好看[星星眼],0,1758627417,IP属地：浙江
276928752432,0,傲娇萝莉控,超美！！[原神_干杯][原神_干杯],0,1758626727,IP属地：辽宁
275477975489,0,挑戦者,6呀,0,1758626456,IP属地：广东
275478046513,0,奥利奥拌饭,天仙[喜欢],0,1758626434,IP属地：浙江
276928343744,0,吾拟称,质量好强。,0,1758626433,IP属地：广东
275477915137,0,只因穷,太美了，简直每帧下来感觉都可以当壁纸，歌也非常的好！[大哭],18,1758626417,IP属地：福建
276928087040,0,月球珍珠陨落于深海,好喜欢，只等着放进我的歌单呢[星星眼][星星眼][星星眼][星星眼],0,1758626267,IP属地：吉林
275477789649,0,槎斯基,太美了，艺术,0,1758626265,IP属地：广东
276927939952,0,Ein_matsuri,在罗莎琳那里的造型太美了,1,1758626160,IP属地：澳大利亚
276927399216,0,不规则金属块,艺术,0,1758625912,IP属地：江西
275476903873,0,五更家の小琉璃,原来是歌词是韩语呀,3,1758625722,IP属地：河南
276926073504,0,不寐倦長更,太美啦(｀・ω・´),1,1758625145,IP属地：广东
276925729520,0,烤火炉,歌声令人流连忘返，印象深刻。,0,1758624966,IP属地：上海
275475452721,0,小霂轩,散和少女，啊啊啊啊啊啊，太好看了,0,1758624829,IP属地：广西
275475357345,0,小霂轩,超级好听，超级好看,0,1758624812,IP属地：广西
276924982912,0,御绥语,神作,0,1758624521,IP属地：河北
276924919520,0,9iain,艺术品,0,1758624423,IP属地：河南
276924711024,0,蒂娜-奇幻旅程,原来少女这么会玩儿的吗？[doge][doge][doge],0,1758624342,IP属地：四川
275472553633,0,胡萝卜吃不饱-,好看的非常！喜欢喜欢！[给心心],0,1758623114,IP属地：贵州
276922544480,0,哫桔,这不DJMAX神曲吗,0,1758623086,IP属地：贵州
276922043872,0,凌晨幼稚鬼,好看好看好看！！！,0,1758622771,IP属地：浙江
275471396321,0,我找到我了_希儿,哥伦比娅大人😭▜▜▙哥伦比娅大人😭▜▜▙哥伦比娅大人😭▜▜▙哥伦比娅大人😭▜▜▙哥伦比娅大人😭▜▜▙哥伦比娅大人😭▜▜▙哥伦比娅大人😭▜▜▙哥伦比娅大人😭▜▜▙哥伦比娅大人😭▜▜▙哥伦比娅大人😭▜▜▙哥伦比娅大人😭▜▜▙哥伦比娅大人😭▜▜▙哥伦比娅大人😭▜▜▙哥伦比娅大人😭▜▜▙哥伦比娅大人😭▜▜▙哥伦比娅大人😭▜▜▙哥伦比娅大人😭▜▜▙哥伦比娅大人😭▜▜▙哥伦比娅大人😭▜▜▙哥伦比娅大人😭▜▜▙哥伦比娅大人😭▜▜▙哥伦比娅大人😭▜▜▙哥伦比娅大人😭▜▜▙汪！😭▜▜▙,12,1758622327,IP属地：福建
276920917776,0,AAA萤火虫批发商,神作。。。每个人都美神来的[给心心]！,0,1758622047,IP属地：广东
275470678753,0,是亓素不是元素,神作,0,1758621839,IP属地：江苏
276920200768,0,爱我所爱笑起来,艺术品,0,1758621626,IP属地：江苏
275470207089,0,蹉跎过的小牛,好喜欢这个风格[打call][打call][打call],0,1758621516,IP属地：陕西
275470134417,0,少女未遂玻璃心,每个造型不一样的眼罩太神了，每个造型都好好看[打call],145,1758621498,IP属地：美国
276920086368,0,幽夜桑灵,神！！！娅娅画的好美啊！！！,0,1758621450,IP属地：广东
276919706640,0,此后人间无我,发的有点晚，流量被分完了,47,1758621312,IP属地：湖北
275469523121,0,栀绘花时,火钳刘明[星星眼],0,1758621011,IP属地：安徽
276919299136,0,评论区别把我笑死,3连辽[脱单doge],0,1758620996,IP属地：四川
275469050209,0,阿良良木凶介,神作，降临[夜奏未终动态表情包_神降临][夜奏未终动态表情包_神降临][夜奏未终动态表情包_神降临],1,1758620674,IP属地：湖北
275467971969,0,xoki-zzz,哇塞，前排!超级美的[打call][打call][打call],0,1758619952,IP属地：重庆
276917773088,0,无序列Disorder,麻辣烫老师我喜欢你[星星眼][星星眼][星星眼][星星眼],0,1758619934,IP属地：广东
276917612832,0,思思Aki,期待少女开眼的时候[doge],0,1758619838,IP属地：广东
276917440336,0,最爱喝波子汽水,神,0,1758619718,IP属地：河北
276917120288,0,话梅真好吃,神作啊😭😭😭😭😭😭😭😭,0,1758619467,IP属地：福建
276916835920,0,鱼塘老司基,必须给原作者三连,0,1758619358,IP属地：上海
275467148897,0,略去万字,厉害,0,1758619317,IP属地：北京
275466744161,0,桐和隼人,我去原作者终于来了[打call][星星眼],0,1758619017,IP属地：江西
275466413585,0,゙゚゙爱莉希雅,好看,0,1758618755,IP属地：福建
275466290017,0,亚空的征服者,艺术品,0,1758618662,IP属地：广东
275466096817,0,ACulaccino,给原作者up up啊啊啊啊全世界都来看女神的艺术品[星星眼][星星眼][星星眼][星星眼]顺便想问老师会出人设图吗，里面每个人每套打扮都好喜欢[大哭],11,1758618492,IP属地：湖南
275465206849,0,优可安娜,[少女乐团派对_开心]好看好看(๑• . •๑),0,1758617759,IP属地：江西
276914594848,0,黑与白的对错,神中神，这次hoyofair我个人最喜欢的作品[给心心][给心心][给心心][给心心][给心心][给心心],1,1758617746,IP属地：北京
276914081952,0,荆棘四季,这个在我这里就是仙品，少女的娇俏与神秘，愚人众执行官之间的情谊，好吃😋,0,1758617262,IP属地：江苏
276913427312,0,若叶睦の黄瓜,[夜奏未终动态表情包_神降临][夜奏未终动态表情包_神降临][夜奏未终动态表情包_神降临],0,1758616811,IP属地：陕西
275463822257,0,FPX丶Swift,活着就是为了看这种艺术品啊[打call],12,1758616749,IP属地：河南
276913119744,0,摆渡医圣,这就是艺术品！！！！！！！！,0,1758616651,IP属地：河北
276913024288,0,炸炸炸炸鱼丸,仙品,0,1758616596,IP属地：湖北
276913164096,0,两列两列绿,神作[喜欢],0,1758616589,IP属地：上海
276913150624,0,ゆきのように,太美了！,0,1758616560,IP属地：山东
276912995712,0,MOLOWING,好韩的bgm，求在哪可以听到,2,1758616521,IP属地：江苏
275463425665,0,昔涟の,[给心心],0,1758616415,IP属地：浙江
275463362817,0,qwe0104,好听，好看，好吃！什么时候能上传qq音乐啊[打call][打call][打call],1,1758616241,IP属地：上海
276912303632,0,宇羽风,"天呐 这就是艺术品
哥伦比娅 真的是绝美无比 美到神圣不可侵犯",244,1758615970,IP属地：江西
275462974177,0,zzyです,终于等到了，直播的时候就喜欢上了[打call],12,1758615964,IP属地：四川
276911904192,0,和岁儿,太美了老师，等你亲自来发很久了，歌也好听画面也好看，概念也很贴少女，气质完全合适,78,1758615678,IP属地：上海
275462385985,0,intsuki,好好好 这个太爱了,0,1758615544,IP属地：瑞典
275462486753,0,北岛与樱花,神中神！,0,1758615486,IP属地：福建
276911762848,0,-Bayern,美哭了[大哭][给心心],0,1758615474,IP属地：天津
275462328881,0,bili_128给利奥_牢梅,沙发,0,1758615386,IP属地：江苏
275462159681,0,Grafton,这个最赞,1,1758615360,IP属地：上海
275462268065,0,裙吔人间,问问老师这首能在哪里听呀[喜欢],0,1758615315,IP属地：湖南
275462123489,0,食暝,少女美神降临,20,1758615262,IP属地：广东
275461998577,0,裙吔人间,唉？这是作者吗,2,1758615241,IP属地：湖南
276911241664,0,帝君的桂花酒,坐着来啦[星星眼]@提瓦特同人协会 快,1,1758615065,IP属地：北京
275461756017,0,suleika·V,很喜欢up的作品，请继续加油[支持],0,1758615010,IP属地：广东
276910995248,0,中二半X,[打call][打call][打call],0,1758614866,IP属地：湖北
276909743552,0,延于炎焰,❤️❤️❤️❤️❤️❤️,0,1758613964,IP属地：中国香港
276909630288,0,糖果_OukawaRin,dama太太！！！！！[保卫萝卜_哇][保卫萝卜_哇][保卫萝卜_哇][保卫萝卜_哇][保卫萝卜_哇]啊啊啊啊老师进步真的好大，去年就很好看了今年更好看了！伟大！[保卫萝卜_哇][保卫萝卜_哇][保卫萝卜_哇][保卫萝卜_哇],212,1758613816,IP属地：云南
275460482385,0,47夜的奇迹,[打call][打call],2,1758613803,IP属地：广东
275460365857,0,Lohlen,[打call][打call][打call],0,1758613768,IP属地：广东
276992650609,276965579073,挑戦者,被转载分流了。,0,1759880072,IP属地：广东
276431545745,276381973249,失憶蝴蝶0329,我老婆是这么美,0,1759472339,IP属地：湖北
276448960545,276431545745,来自二次元的紫雪,"回复 @失憶蝴蝶0329 :《老婆》
少女宝宝是我老婆！",1,1759484014,IP属地：湖北
276448859457,276431545745,来自二次元的紫雪,"回复 @失憶蝴蝶0329 :你老公呢？
仆人:已隐身",1,1759484111,IP属地：湖北
276453548561,276448859457,失憶蝴蝶0329,回复 @来自二次元的紫雪 :嘻嘻,0,1759486734,IP属地：湖北
276272818465,276272800961,风很舒服自然醒,不过没有中文字幕…感觉也正常,0,1759335044,IP属地：广东
277779294576,276272818465,TtMms,回复 @风很舒服自然醒 :毕竟是国外同人二创，不过没热度多少跟ac站沾点关系了，大手的力量我们无法想象∀・,4,1759345853,IP属地：湖南
276460817473,276272800961,哈寂葉,"换个bgm估计就有人了,韩文歌真不好听",1,1759490724,IP属地：江西
276502956065,276272800961,白兔薄荷茶,因为已经有个之前转发外网的视频，有很多播放了，这边是作者后来自己发的,0,1759521051,IP属地：湖南
276509794561,276502956065,风很舒服自然醒,回复 @白兔薄荷茶 :嗐，那很晚了,0,1759536861,IP属地：广东
276316194097,276265890753,洛泫_Ethereal,天呐，，画风有一种古早少女漫的美,0,1759381770,IP属地：上海
276325022561,276316194097,余青冉,回复 @洛泫_Ethereal :我词穷了[委屈],0,1759387687,IP属地：上海
277705796688,277694279184,沉迷柯克兰无法自拔,高质量高质量！[星星眼],1,1759297830,IP属地：河南
276122716641,277600203504,音無伊禦,一样,0,1759225575,IP属地：湖北
275999983825,275972438513,静暇雅宴,ac烂完了 这么高质播放量只有8.6w,32,1759119155,IP属地：上海
276053317169,275972438513,沙踢乐,妈的，神人AC站做局，这次终于轮到我说这个了，守护我们最好的哔哩哔哩[热]，真想圈钱，你丫转短视频呀，混蛋,19,1759156915,IP属地：广东
277707454592,275999983825,OLllilill,回复 @静暇雅宴 :ac是啥呀,4,1759298831,IP属地：海南
276213802177,277707454592,静暇雅宴,回复 @OLllilill :b站 因为直接说b站不好容易被删评 就取了b的左右两个字母,25,1759298941,IP属地：上海
277708200640,276213802177,OLllilill,回复 @静暇雅宴 :喔喔[辣眼睛],6,1759299327,IP属地：海南
276336701185,275972438513,我为什么能中,油管都200多万播放了,8,1759395684,IP属地：福建
276474613009,275972438513,三水人云,泛式：快住手啊，这已经不是二创了,7,1759498213,IP属地：江西
276582591313,275999983825,Vhvemy,回复 @静暇雅宴 : 其实是被转载分走了播放量，转载发得早,10,1759581691,IP属地：浙江
276907796865,275972438513,我不作屑啦,91拉踩,0,1759816195,IP属地：安徽
277455602384,277398301200,醉酒的鸿雪,"原神 HoYoFair2025「异旅同归」节目歌单链接：

Q音：https://i.y.qq.com/n2/m/share/details/taoge.html?platform=11&amp;appshare=android_qq&amp;appversion=14040008&amp;hosteuin=owvP7ick7wcl7n**&amp;id=9581537104&amp;ADTAG=qfshare

网易云：分享歌单: 2025原神HoYoFair异旅同归歌单 醉酒的鸿雪 https://music.163.com/m/playlist?id=14349805924&amp;creatorId=8786723930",7,1759085275,IP属地：重庆
275974531393,277376967904,挑戦者,大部分被转载给分流走了。[笑哭],0,1759081807,IP属地：广东
275780025777,275779617841,ルザォGOGO,都是原创的，海外生日会新春会Hoyofair都是官方资助的。,2,1758905310,IP属地：广东
275780091329,275780025777,迷茫的管家与懦弱的我,回复 @ルザォGOGO :好家伙，是真有钱啊[笑哭]如果不用ai辅助一下，那这个视频的成本高的离谱[笑哭],0,1758905435,IP属地：广东
275780579233,275780091329,ルザォGOGO,回复 @迷茫的管家与懦弱的我 : 有没有一种可能是米哈游官方给钱让二创作者做原创二创哈哈哈。这个作者我记得还参加了崩铁新春会，花火＋黑天鹅＋穹3人那个二创也是这种画风,0,1758905830,IP属地：广东
275880975745,275780091329,綠比堆紫,回复 @迷茫的管家与懦弱的我 :原神官方有资助的，为爱发电的同时有钱拿,0,1758993751,IP属地：中国香港
277239094608,275764238657,和岁儿,原创曲还没上传吧[委屈],1,1758899039,IP属地：上海
277092504880,277081123120,飞光历历目,老师请问您头像是哪个角色[来古-震撼]xp是亚麻棕色长发绿眼睛的一眼就被吸引住了……,0,1758778435,IP属地：陕西
277093265024,277092504880,hoyomix的狗,回复 @飞光历历目 :是《吹响吧上低音号》里的吉川优子[少女乐队的呐喊表情包_献花]看第一季可能不太喜欢她，但是看到后面就好啦，我也不过多剧透了[少女乐队的呐喊表情包_开车],1,1758779069,IP属地：广东
277094293760,277093265024,飞光历历目,回复 @hoyomix的狗 :谢谢[大笑],0,1758779921,IP属地：陕西
277117638432,277093265024,阳光睦子咪,回复 @hoyomix的狗 :不建议一下别看第三季吗？[Mygo表情包_探头][Mygo表情包_探头],0,1758797804,IP属地：上海
277155431760,277117638432,飞光历历目,回复 @阳光睦子咪 :放心不会看第三季的bro，第三季的赫赫大名在gbc那个季度早有耳闻[WBG·2023LPL出征_智慧的眼神],0,1758823894,IP属地：陕西
277161981184,277155431760,阳光睦子咪,回复 @飞光历历目 :那，那很好了（目移）——（大哭）[大哭][大哭][大哭],0,1758841539,IP属地：上海
275594114945,275594249153,是靓仔咪罢了,太有才华了[大哭][大哭][大哭][大哭],0,1758729834,IP属地：广东
277230276096,277044745536,用户珉,我天？？？！！！！,1,1758893968,IP属地：江苏
275777145153,277044745536,柒仟肆佰贰拾壹金镑,啊？？？,0,1758903084,IP属地：安徽
277345333712,277044745536,仮面ライダー红色鲱鱼,双厨狂喜[星星眼],1,1758986886,IP属地：湖北
277547419888,277044745536,云芸susan,啊？？？我说怎么这么熟悉[哦呼]在意想不到的地方双厨狂喜了（,5,1759163662,IP属地：湖南
277967094640,277044745536,私家LH,卧槽！,0,1759490968,IP属地：四川
276524472209,277044745536,一只Moran,双厨狂喜,0,1759547838,IP属地：湖北
276663330929,277044745536,且LX,我的天。。我說怎麼這麼耳熟！！！[大哭][大哭][星星眼][星星眼],1,1759647142,IP属地：湖南
276987370576,275511598545,御绥语,戒过？这攒了多久啊,8,1758686313,IP属地：河北
275534527457,276987370576,摸鱼抓蟹真君,回复 @御绥语 :一年多没抽卡,3,1758686852,IP属地：重庆
276990165360,275511598545,赵豆豆的叉子w,卧槽佬还有好友位吗[doge],0,1758688097,IP属地：北京
277102937024,275534527457,御绥语,回复 @摸鱼抓蟹真君 :大小月卡没断吗,0,1758787450,IP属地：河北
275995402353,275511598545,疯疯纳,兄弟说你没戒过我不信,0,1759115704,IP属地：上海
276601284305,275511598545,当我不存在就行了,好家伙，我只有你的零头[原神·枫丹_好震惊！],0,1759591251,IP属地：江西
278410221712,275511598545,4641678,看来没忍住[吃瓜]粉球没我攒三个月的新号多,0,1759804000,IP属地：河北
276921000433,278410221712,摸鱼抓蟹真君,回复 @4641678 :粉球少是给雷神补了武器,1,1759824579,IP属地：重庆
277034176384,275509327265,Zz张kong,你好，赛博树脂,6,1758718991,IP属地：山东
278489937184,275504730161,丿-zero,并非，打扰到她睡觉了，包哈气的[doge_金箍],0,1759846936,IP属地：安徽
275500655969,275500459057,深思o0,看完了，还有木门[保佑],0,1758640655,IP属地：山东
276951525344,275498178657,于弘妤-倾听版,忘记评论了,0,1758640316,IP属地：山东
276951536480,275498178657,于弘妤-倾听版,过剧情的时候就觉得她好好看，头发好美,0,1758640336,IP属地：山东
276086001825,275481220881,Joinone-,现已上架各音乐平台,0,1759198693,IP属地：山东
276093928513,276086001825,雾宇道,回复 @Joinone- :好嘞，感谢提醒！,0,1759204861,IP属地：海南
276922167888,276919706640,凌晨幼稚鬼,是这样的，刚从转载过来哈哈哈,2,1758622797,IP属地：浙江
275489320401,276919706640,挑戦者,不仅是发的晚，无论是搜索哥伦比娅还是少女，此视频都没有推送。,8,1758633574,IP属地：广东
276914867600,276912995712,糖果_OukawaRin,原创，国内没有发,4,1758617994,IP属地：云南
275470294785,276912303632,蹉跎过的小牛,真好看,0,1758621642,IP属地：陕西
276912601296,276911904192,和岁儿,比起之前画面进步真的好大，审美太好了！,0,1758616187,IP属地：上海
275462165777,275461998577,裙吔人间,前排前排[星星眼]啊啊啊超级喜欢[打call][打call][打call][打call][打call][打call][打call][打call],1,1758615261,IP属地：湖南
276909670960,276909630288,糖果_OukawaRin,请大家支持我们伟大的dama太太！[保卫萝卜_哇],3,1758613906,IP属地：云南
276927743184,276909630288,糖果_OukawaRin,麻辣烫太太[打call]麻辣烫太太[打call],0,1758626096,IP属地：云南
